lemma,polarity,freq
суперскай,0.8962,44
обманщик,-0.8733,288
excellent,0.8715,49
супер,0.8551,2850
dispute,-0.8551,43
perfect,0.8274,33
обалденный,0.8270,73
идеально,0.8243,1950
отличный,0.8202,4224
суперский,0.8174,75
отлично,0.8145,2863
крутой,0.8085,426
return,-0.8067,53
круто,0.8054,153
receive,-0.8053,20
кормить,-0.8041,224
завтрак,-0.8027,131
классный,0.8009,1457
thanks,0.7990,67
проиграть,-0.7983,29
великолепный,0.7950,120
thank,0.7944,101
истечь,-0.7935,174
объяснение,-0.7929,26
закрыть,-0.7912,1184
поступать,-0.7903,22
великолепно,0.7887,68
истекать,-0.7869,31
столкнуться,-0.7846,31
возвращать,-0.7830,984
недобросовестный,-0.7805,50
стильный,0.7801,105
умолять,-0.7793,37
мошенник,-0.7787,178
морочить,-0.7757,33
super,0.7735,38
мягонький,0.7730,30
обмануть,-0.7722,232
didn,-0.7698,34
прождать,-0.7664,215
нечестный,-0.7652,38
потрясать,0.7626,73
обман,-0.7619,261
доказать,-0.7602,37
замечательный,0.7587,610
мягенький,0.7581,80
обещание,-0.7572,139
love,0.7568,30
слёзно,-0.7548,23
убеждать,-0.7525,32
сука,-0.7512,24
процветание,0.7510,50
ужастный,-0.7462,30
открыть,-0.7419,3991
расстройство,-0.7415,29
футболочка,0.7413,68
отвратительный,-0.7408,1155
доказывать,-0.7369,26
нажать,-0.7353,36
утерять,-0.7349,20
disappointed,-0.7338,31
уступка,-0.7337,22
great,0.7327,54
половой,-0.7323,69
добиться,-0.7320,27
доказательство,-0.7300,90
хорошенький,0.7272,98
отклонить,-0.7267,62
офигенный,0.7262,68
ужас,-0.7255,1085
потребовать,-0.7255,35
шапочка,0.7253,157
шикарный,0.7232,391
дурак,-0.7218,26
признать,-0.7218,34
отказываться,-0.7214,145
шикарно,0.7214,115
ужасный,-0.7212,2935
класс,0.7191,262
апрель,-0.7177,100
истечение,-0.7173,85
безответственный,-0.7159,29
врун,-0.7154,21
вынести,-0.7144,37
подарочек,0.7141,368
отказаться,-0.7125,532
плотненький,0.7113,37
did,-0.7097,94
сей,-0.7097,296
уговаривать,-0.7089,57
жалоба,-0.7089,57
вздумать,-0.7082,20
обратно,-0.7076,337
отменить,-0.7066,303
соглашаться,-0.7062,55
гавный,-0.7058,86
уговорить,-0.7045,21
спор,-0.7038,7008
прекрасный,0.7032,297
отказать,-0.7027,143
refund,-0.7022,23
ужасно,-0.7015,1257
игнорировать,-0.6999,119
мусорк,-0.6992,50
мусорный,-0.6990,27
супербыстрый,0.6980,27
уверять,-0.6964,140
закрытие,-0.6962,49
пиздец,-0.6959,21
привлечение,-0.6948,29
говно,-0.6938,211
польза,-0.6933,311
горе,-0.6929,23
обманывать,-0.6928,130
разочарование,-0.6919,295
рада,0.6911,153
lang,0.6905,24
поздно,-0.6873,40
арбитраж,-0.6866,35
возмещение,-0.6861,37
херня,-0.6842,46
дерьмо,-0.6840,77
подождать,-0.6833,508
открытка,-0.6833,64
неизвестный,-0.6826,23
money,-0.6821,125
убедить,-0.6815,26
иркутский,0.6808,23
ведро,-0.6802,25
вмешаться,-0.6798,182
адрес,-0.6794,498
мягкий,0.6779,2754
алиэкспрес,-0.6779,46
потратить,-0.6773,415
блузочка,0.6767,44
признавать,-0.6766,23
send,-0.6760,29
sent,-0.6749,49
получатель,-0.6748,25
пытаться,-0.6747,230
перестать,-0.6747,102
автоматически,-0.6739,41
утверждать,-0.6728,86
игнора,-0.6723,32
произойти,-0.6721,66
врать,-0.6719,66
редкостный,-0.6719,28
лосинка,0.6712,24
жулик,-0.6711,22
дрянь,-0.6697,22
стильно,0.6694,64
оперативность,0.6693,40
уютный,0.6692,131
закрыться,-0.6688,28
спорить,-0.6675,64
хрень,-0.6662,110
paypal,-0.6660,22
ссылаться,-0.6643,43
fast,0.6640,91
нерв,-0.6633,121
достойный,0.6625,101
татарстан,0.6621,25
классно,0.6615,111
nice,0.6610,72
htm,0.6606,40
postid,0.6606,40
одобрить,-0.6598,88
село,0.6593,1434
проигнорировать,-0.6584,80
посчитать,-0.6584,20
оплачивать,-0.6584,29
отказ,-0.6583,56
возврат,-0.6582,1309
завершить,-0.6581,35
миленький,0.6581,25
разочарованный,-0.6580,64
дождаться,-0.6563,350
трата,-0.6561,63
продление,-0.6556,38
извинение,-0.6550,21
алиэкспресс,-0.6546,797
достойно,0.6540,53
тупо,-0.6528,43
урод,-0.6520,36
успех,0.6517,38
открывать,-0.6511,791
мозг,-0.6508,47
потерянный,-0.6508,37
настаивать,-0.6506,32
администрация,-0.6501,101
пустой,-0.6498,120
отсылать,-0.6497,27
извиняться,-0.6495,26
высота,0.6483,242
подать,-0.6480,66
возвратить,-0.6479,111
удобный,0.6476,596
ответ,-0.6473,257
конечный,-0.6449,23
хам,-0.6448,20
кончиться,-0.6441,57
отследить,-0.6426,60
лживый,-0.6420,22
отправитель,-0.6420,24
открываться,-0.6418,41
show,0.6417,42
извиниться,-0.6414,55
статус,-0.6412,117
свердловский,0.6406,31
back,-0.6398,35
благодарить,0.6397,50
принимать,-0.6395,61
оперативный,0.6394,25
тратить,-0.6388,106
he,-0.6387,40
откроить,-0.6380,29
рваный,-0.6376,126
сообщение,-0.6374,640
дважды,-0.6372,93
средство,-0.6370,531
поверить,-0.6367,64
свободненький,0.6366,43
бред,-0.6365,43
everything,0.6360,38
присвоить,-0.6356,29
сотрудник,-0.6354,21
закрытый,-0.6350,149
never,-0.6346,27
подтвердить,-0.6340,105
обострение,-0.6327,50
связываться,-0.6326,203
ответить,-0.6318,521
обещать,-0.6305,502
происходить,-0.6297,22
запросить,-0.6296,56
отмена,-0.6288,53
come,-0.6286,46
выброс,-0.6285,71
отношение,-0.6275,186
повторно,-0.6271,124
решение,-0.6268,275
денежный,-0.6263,74
блог,0.6258,29
detail,0.6257,41
толк,-0.6252,55
закрой,-0.6251,23
дырявый,-0.6243,65
причина,-0.6236,200
тёпленький,0.6234,138
bad,-0.6228,68
связаться,-0.6227,137
тряпка,-0.6226,601
вновь,-0.6225,21
имя,-0.6223,30
лохотрон,-0.6219,29
разочаровать,-0.6218,1237
отвратный,-0.6206,41
хрен,-0.6203,48
наглый,-0.6200,46
гарантия,-0.6190,29
май,-0.6185,211
parcel,-0.6162,37
высылать,-0.6158,106
затем,-0.6149,68
пообещать,-0.6148,92
наглость,-0.6147,31
трекинг,-0.6145,28
защита,-0.6142,1079
пополам,-0.6138,29
выкинуть,-0.6135,336
wrong,-0.6131,23
выходить,-0.6129,185
пижамка,0.6121,134
слать,-0.6120,45
вмешательство,-0.6113,91
комфортный,0.6113,122
превратиться,-0.6109,23
обслуживание,-0.6095,63
заставить,-0.6092,20
do,-0.6084,64
вешать,-0.6079,28
get,-0.6042,35
носочек,0.6036,351
прийдеть,-0.6029,33
well,0.6027,25
обращение,-0.6021,30
послать,-0.6020,89
способ,-0.6018,47
подтверждать,-0.6006,20
потерять,-0.5995,258
базовый,0.5995,34
возместить,-0.5992,65
контакт,-0.5985,173
продлять,-0.5981,75
невозможно,-0.5979,505
фланель,0.5978,27
частичный,-0.5967,73
затеряться,-0.5967,40
висюлька,-0.5965,21
небыть,-0.5955,28
недовольный,-0.5953,593
мег,0.5950,104
продлить,-0.5947,362
письмо,-0.5947,154
браковать,-0.5945,187
согласие,-0.5942,22
позор,-0.5942,35
клёвый,0.5940,150
чудесный,0.5910,74
снова,-0.5900,181
запрос,-0.5895,35
юбочка,0.5885,135
заново,-0.5884,63
had,-0.5883,28
прекрасно,0.5878,236
потеряться,-0.5878,204
обидно,-0.5872,541
подтверждение,-0.5872,44
принять,-0.5870,278
after,-0.5865,45
печальный,-0.5861,24
выиграть,-0.5860,91
отправляться,-0.5852,48
захотеть,-0.5851,87
выслать,-0.5849,596
предоставить,-0.5843,89
продлевать,-0.5837,373
заверить,-0.5830,35
разбираться,-0.5821,26
молниеносный,0.5819,22
хвалить,-0.5816,34
неудачный,-0.5810,120
мило,0.5810,44
помойка,-0.5803,104
окончание,-0.5795,83
тишина,-0.5795,95
скрин,-0.5792,23
отрицательный,-0.5791,24
встать,-0.5788,40
улететь,-0.5785,20
прикольный,0.5785,218
любимый,0.5781,108
сель,0.5770,536
заявлять,-0.5759,20
отменять,-0.5758,32
because,-0.5754,25
информация,-0.5744,180
действие,-0.5743,24
out,-0.5732,33
бесполезно,-0.5725,38
реагировать,-0.5722,74
некуда,-0.5722,28
no,-0.5720,65
красноярск,0.5720,82
косо,-0.5715,32
совершить,-0.5714,23
страница,-0.5697,35
диспут,-0.5688,20
платить,-0.5682,87
предлагать,-0.5677,134
идеальный,0.5672,273
итог,-0.5668,1764
вернуться,-0.5665,114
предупредить,-0.5665,61
жалкий,-0.5661,21
алтайский,0.5656,34
пора,-0.5645,352
ждать,-0.5630,3219
расстроенный,-0.5623,22
пройти,-0.5620,745
экспресс,-0.5619,193
рр,0.5617,22
выбросить,-0.5599,294
категорически,-0.5598,84
приятный,0.5595,4889
t,-0.5592,121
разочароваться,-0.5592,172
команда,-0.5586,49
хвалебный,-0.5585,25
обратиться,-0.5579,42
пришол,-0.5577,120
продливать,-0.5570,69
зря,-0.5567,376
список,-0.5565,41
пола,-0.5561,47
хорошоя,0.5556,61
открытие,-0.5547,333
транспортировка,-0.5544,56
сталкиваться,-0.5544,29
просить,-0.5536,1033
розыск,-0.5526,20
ширпотреб,-0.5522,31
доверять,-0.5520,24
очередной,-0.5519,41
негативный,-0.5515,48
разачаровать,-0.5504,29
goods,-0.5495,93
отреагировать,-0.5494,72
вернуть,-0.5493,9403
чужой,-0.5493,73
март,-0.5491,36
неверный,-0.5490,173
ковточка,0.5490,20
присылать,-0.5480,94
not,-0.5474,480
fine,0.5471,20
ростовский,0.5470,67
подделка,-0.5453,52
замена,-0.5451,66
нельзя,-0.5444,381
подмосковье,0.5444,33
назад,-0.5442,249
happy,0.5441,20
рейтинг,-0.5435,35
упираться,-0.5434,23
when,-0.5432,27
вестись,-0.5429,70
мусор,-0.5425,74
нежный,0.5422,234
попытаться,-0.5418,43
отслеживание,-0.5417,608
настроение,-0.5417,81
повестись,-0.5416,65
beautiful,0.5410,30
черта,-0.5406,27
ноль,-0.5398,50
известно,-0.5393,47
возмутить,-0.5389,28
вручить,-0.5382,28
связь,-0.5379,310
рубашечка,0.5379,32
попытка,-0.5370,59
звонить,-0.5367,45
красноярский,0.5367,32
галимая,-0.5366,78
длиться,-0.5363,37
терпеливо,-0.5362,22
рисковать,-0.5359,38
покупатель,-0.5353,523
видео,-0.5353,52
адресат,-0.5352,29
крайне,-0.5350,173
объяснить,-0.5350,61
повторный,-0.5345,33
выставить,-0.5344,28
безобразие,-0.5339,58
июнь,-0.5337,118
кошмар,-0.5336,234
редкий,-0.5327,22
попросить,-0.5326,555
пересылка,-0.5326,83
огонь,0.5323,107
левый,-0.5320,281
поступить,-0.5316,93
разговор,-0.5316,25
милый,0.5302,204
печально,-0.5297,106
кривой,-0.5295,817
существовать,-0.5295,22
стыдно,-0.5294,160
returned,-0.5291,33
печаль,-0.5287,20
репутация,-0.5286,41
извинить,-0.5277,70
пермский,0.5277,23
страна,-0.5274,97
сообщить,-0.5272,92
продаван,-0.5270,32
обращаться,-0.5268,45
данные,-0.5258,57
товарищ,-0.5246,24
результат,-0.5238,226
track,-0.5238,23
хорошо,0.5229,5524
испортить,-0.5228,190
ростов,0.5228,38
иркутск,0.5228,42
does,-0.5226,80
деть,-0.5224,34
закончиться,-0.5219,247
жалко,-0.5219,331
штанишки,0.5216,255
фига,-0.5215,57
довольный,0.5214,4113
much,0.5208,49
напрасно,-0.5204,22
поддержка,-0.5201,103
фигня,-0.5200,185
переслать,-0.5200,20
интернет,-0.5197,39
компенсация,-0.5196,156
зависнуть,-0.5191,45
частично,-0.5181,67
отправлять,-0.5179,994
выдать,-0.5174,35
отстой,-0.5173,132
договориться,-0.5168,68
мерзкий,-0.5165,26
двое,-0.5164,48
отстирываться,-0.5163,115
качественный,0.5158,1310
вывести,-0.5158,20
фуфло,-0.5153,28
выкидывать,-0.5150,26
отстирать,-0.5149,54
сесть,0.5148,925
delivered,-0.5148,24
переписка,-0.5144,94
впустую,-0.5142,27
заплатить,-0.5141,161
длинноватый,0.5138,170
реакция,-0.5137,32
красивый,0.5126,2506
начаться,-0.5126,54
изумительный,0.5122,26
that,-0.5118,109
match,-0.5116,46
самар,0.5114,23
система,-0.5108,39
молчать,-0.5097,128
кошмарный,-0.5096,27
обл,0.5093,160
мыть,-0.5093,41
застрять,-0.5086,53
обратный,-0.5079,50
оплатить,-0.5079,249
кривая,-0.5073,738
данный,-0.5073,491
безобразный,-0.5072,40
стараться,-0.5070,22
совершенно,-0.5069,813
poor,-0.5064,24
быстрый,0.5061,4028
ветер,-0.5060,451
влить,0.5059,83
указание,-0.5056,38
встречать,-0.5050,50
вина,-0.5045,59
случайно,-0.5038,40
волноваться,-0.5037,26
надежда,-0.5036,80
заблуждение,-0.5035,32
продолжать,-0.5025,24
блогер,-0.5015,48
тавар,-0.5013,25
выясниться,-0.5011,49
ненадёжный,-0.5006,21
номер,-0.4997,495
тёплый,0.4996,2654
классический,0.4994,27
отвечать,-0.4989,1010
вещица,0.4985,46
доверие,-0.4983,24
превосходный,0.4979,25
расстроить,-0.4962,1079
казань,0.4960,68
деньга,-0.4952,13208
свободно,0.4951,908
небо,-0.4951,23
предложить,-0.4949,366
маечка,0.4948,163
шелковистый,0.4948,27
прелесть,0.4944,44
выйти,-0.4942,321
have,-0.4941,61
очередь,-0.4938,22
невероятно,0.4936,56
вводить,-0.4936,24
дыра,-0.4932,269
смайлик,-0.4932,29
просьба,-0.4930,248
перевести,-0.4927,39
нравиться,0.4927,723
насыщенный,0.4926,284
mail,-0.4925,22
респект,0.4925,29
дать,-0.4918,702
months,-0.4911,23
осадка,-0.4905,79
попасться,-0.4903,80
успеть,-0.4897,257
краснодарский,0.4875,57
отсутствие,-0.4873,69
жаль,-0.4863,1418
клиент,-0.4854,80
нечего,-0.4852,90
if,-0.4851,25
мастерская,-0.4849,22
вонючий,-0.4833,66
дурацкий,-0.4832,40
челябинский,0.4831,27
выкроить,-0.4829,24
назначение,-0.4825,51
стройнит,0.4821,34
оторвать,-0.4818,113
удача,0.4818,72
грамм,-0.4804,43
вести,-0.4802,66
ппц,-0.4799,37
абсолютно,-0.4792,443
ношеный,-0.4791,22
дверь,0.4790,68
прод,-0.4789,137
нетерпение,-0.4787,30
пропустить,-0.4776,60
шарфик,0.4772,64
давать,-0.4769,148
косой,-0.4769,58
обидный,-0.4767,21
домой,0.4764,235
отправиться,-0.4763,29
посторонний,0.4761,109
чесаться,-0.4760,58
узнать,-0.4752,58
ничего,-0.4747,2193
good,0.4741,218
карта,-0.4740,45
неизвестно,-0.4737,49
типо,-0.4730,58
отваливаться,-0.4726,50
бесить,-0.4717,25
изменить,-0.4717,73
некачественный,-0.4716,142
рыба,-0.4715,39
требовать,-0.4714,94
находка,0.4713,21
написать,-0.4708,1594
огорчиться,-0.4708,29
штучка,0.4705,22
согласный,-0.4692,26
ржавый,-0.4692,21
прокрасить,-0.4689,39
вовсе,-0.4681,105
башкирия,0.4680,23
лопнуть,-0.4671,28
следить,-0.4668,28
has,-0.4667,37
скоро,-0.4661,118
опять,-0.4661,188
оперативно,0.4656,64
потом,-0.4653,784
плесень,-0.4651,47
слеза,-0.4647,24
писать,-0.4644,1216
последний,-0.4642,377
порвать,-0.4640,232
привести,-0.4639,49
качественно,0.4637,592
itao,0.4637,136
человек,-0.4634,468
нос,-0.4631,35
неоднократно,-0.4629,29
was,-0.4627,160
распороть,-0.4627,38
from,-0.4622,84
отослать,-0.4620,22
печалька,-0.4614,22
обрадоваться,-0.4613,26
валяться,-0.4611,47
девать,-0.4608,38
поехать,-0.4604,26
непонятно,-0.4602,263
верить,-0.4602,122
восторг,0.4602,565
чей,-0.4596,31
перепутать,-0.4596,109
служба,-0.4593,364
подобие,-0.4593,24
сожалеть,-0.4592,28
костюмчик,0.4592,56
развод,-0.4589,126
счастливый,0.4588,42
кинуть,-0.4587,41
серьга,0.4584,22
дикий,-0.4565,32
говорить,-0.4562,529
оригинальный,0.4562,66
чуткий,0.4561,83
прилично,0.4560,95
стрелка,-0.4557,161
московский,0.4554,108
order,-0.4552,143
царапать,-0.4550,25
грязный,-0.4549,373
жуткий,-0.4549,215
нарядный,0.4548,32
пригодный,-0.4545,27
вонь,-0.4544,51
other,-0.4538,36
post,-0.4537,30
подробный,0.4537,79
надоесть,-0.4536,28
тютелька,0.4532,22
столько,-0.4530,198
вывод,-0.4529,117
смочь,-0.4528,427
хз,-0.4524,26
откуда,-0.4519,55
пропасть,-0.4515,105
don,-0.4512,27
предупреждать,-0.4499,27
согласиться,-0.4489,289
обожать,0.4474,34
необычный,0.4469,46
дырка,-0.4464,1254
нанести,-0.4464,25
упасть,-0.4463,21
received,-0.4461,67
уважаемый,-0.4456,62
first,-0.4453,23
ясно,-0.4451,32
город,-0.4448,436
неприятно,-0.4444,235
долететь,0.4442,23
аккуратно,0.4434,996
испачкать,-0.4429,43
любить,0.4428,385
честный,-0.4427,127
эффектный,0.4425,26
великоватый,0.4424,553
начать,-0.4417,343
резиночка,0.4415,279
there,-0.4411,61
свитерок,0.4410,154
показывать,-0.4410,71
убить,-0.4406,26
несоответствие,-0.4399,171
пипец,-0.4398,41
насквозь,-0.4394,25
разобраться,-0.4385,39
последовать,-0.4384,20
http,0.4384,29
ровненький,0.4384,38
отправить,-0.4383,3306
отвалиться,-0.4382,85
ok,0.4362,44
корявый,-0.4359,26
com,0.4357,126
сочи,0.4353,30
терпение,-0.4348,40
продаваться,-0.4347,21
крепкий,0.4345,36
калининград,0.4343,47
единица,-0.4341,25
шок,-0.4340,192
уведомление,-0.4334,49
алик,-0.4331,24
сопля,-0.4328,34
предложение,-0.4326,33
they,-0.4325,39
звонок,-0.4324,23
марля,-0.4323,69
половина,-0.4322,424
кусок,-0.4322,195
by,-0.4322,25
плечевой,-0.4319,35
забыть,-0.4316,113
распускаться,-0.4313,101
ог,0.4310,1095
огорчить,-0.4309,317
прикольно,0.4309,29
никак,-0.4306,343
лейбл,-0.4299,25
ярославль,0.4298,25
бомба,0.4285,72
ситуация,-0.4284,133
вскрыть,-0.4282,40
удовольствие,0.4278,140
aliexpress,-0.4276,160
https,0.4276,103
отменный,0.4273,39
недоразумение,-0.4271,25
ярлык,-0.4270,90
поискать,-0.4268,23
везде,-0.4263,629
бесполезный,-0.4263,56
бесформенный,-0.4262,142
новгород,0.4260,60
изначально,-0.4259,123
сумма,-0.4257,420
срок,-0.4254,980
широковатый,0.4254,144
мо,0.4254,237
томск,0.4252,26
подвал,-0.4249,31
fits,0.4245,25
несуразный,-0.4244,114
an,-0.4241,32
вообще,-0.4240,2735
сколько,-0.4227,184
понимать,-0.4223,438
обманка,-0.4222,20
заканчиваться,-0.4220,112
смысл,-0.4220,119
назвать,-0.4219,160
пешком,-0.4218,26
расстроиться,-0.4214,439
ошибка,-0.4210,178
выполнять,-0.4205,24
мелочь,0.4203,115
значок,0.4199,26
спрашивать,-0.4198,81
жесть,-0.4197,91
фактически,-0.4195,51
швея,-0.4190,48
удаться,-0.4187,121
понять,-0.4187,381
сломать,-0.4186,65
переписываться,-0.4183,29
прошивать,-0.4180,22
получать,-0.4178,160
приложение,-0.4177,41
хороший,0.4175,11483
некачественно,-0.4169,57
открытый,-0.4169,84
брючки,0.4164,87
ощупь,0.4163,1018
wear,-0.4159,36
грязь,-0.4156,45
указывать,-0.4154,85
капля,-0.4153,27
увидеть,-0.4150,292
комок,-0.4148,42
денежка,-0.4144,34
крым,0.4142,69
ремонт,-0.4139,57
приличный,0.4138,179
оформлять,-0.4137,23
стрёмный,-0.4134,51
кукла,-0.4134,33
стать,-0.4125,800
граница,-0.4124,31
джинсовка,0.4118,26
полный,-0.4114,1149
нелепый,-0.4111,33
петлить,-0.4111,37
спросить,-0.4109,106
неправильный,-0.4109,110
упаковать,0.4105,561
действительность,-0.4101,318
cotton,-0.4097,31
сырость,-0.4094,24
гном,-0.4092,21
случиться,-0.4088,40
четыре,-0.4088,100
ali,-0.4082,37
me,-0.4078,115
слово,-0.4077,290
жидкий,-0.4076,26
критично,0.4068,457
видеть,-0.4067,298
склад,-0.4066,97
package,-0.4063,21
курточка,0.4063,266
растянутый,-0.4058,164
сплошной,-0.4053,254
саратов,0.4051,42
успокаивать,-0.4051,25
поправимый,0.4051,47
just,-0.4043,38
отправление,-0.4043,81
товар,-0.4036,13122
время,-0.4035,1284
ordered,-0.4029,78
отдавать,-0.4024,130
повториться,-0.4021,28
код,-0.4021,75
even,-0.4020,37
яркий,0.4016,996
неровный,-0.4016,230
проверять,-0.4015,83
относиться,-0.4009,48
ru,0.4009,112
застрочить,-0.4002,21
решать,-0.4000,125
история,-0.3998,70
перевод,-0.3996,25
двор,-0.3994,40
естественно,-0.3994,186
ход,-0.3994,25
приходить,-0.3992,262
капец,-0.3991,68
дико,-0.3991,38
would,-0.3989,23
шортик,0.3989,80
мск,0.3988,75
получить,-0.3986,4856
равный,-0.3985,23
личный,-0.3978,37
позорный,-0.3978,27
got,-0.3978,34
какой,-0.3976,1498
площадка,-0.3975,24
кругом,-0.3975,32
туговатый,0.3974,38
уметь,-0.3971,27
указанный,-0.3966,197
смело,0.3965,176
уехать,-0.3963,40
курьер,0.3961,863
непонятный,-0.3959,295
нести,-0.3955,51
сначала,-0.3948,404
спб,0.3946,349
речь,-0.3944,46
заранее,-0.3941,40
плохой,-0.3939,2758
каблук,0.3933,38
толком,-0.3929,30
эмоция,-0.3928,25
тип,-0.3924,247
краснодар,0.3919,103
грубый,-0.3915,159
сайт,-0.3914,360
разорвать,-0.3914,25
липучка,-0.3909,42
стянуть,-0.3908,93
хвост,-0.3907,49
подлинный,0.3905,96
бабушкин,-0.3902,37
окрасить,-0.3898,28
понятие,-0.3895,20
кофточка,0.3891,988
эффектно,0.3890,36
немного,0.3889,2994
ерунда,-0.3885,121
образ,-0.3880,93
оказываться,-0.3877,71
жуть,-0.3874,78
широченный,-0.3872,31
жалеть,-0.3872,103
china,-0.3870,20
явный,-0.3869,40
only,-0.3865,45
чувство,-0.3864,102
доплатить,-0.3853,29
компенсировать,-0.3852,62
браслет,0.3851,37
up,-0.3848,27
лицевой,-0.3847,103
возможный,-0.3846,30
немножко,0.3842,82
помин,-0.3842,26
август,-0.3840,278
изображение,-0.3839,48
честной,-0.3839,51
вполне,0.3835,321
испортиться,-0.3835,30
or,-0.3834,27
тюмень,0.3834,46
всюду,-0.3832,41
плотный,0.3831,2084
ожидание,-0.3827,525
верный,-0.3827,198
одинаковый,-0.3826,203
определённый,-0.3826,38
шкаф,-0.3825,35
smell,-0.3819,21
отнести,-0.3816,41
определиться,0.3813,23
другой,-0.3812,3469
русый,0.3812,203
сторона,-0.3802,945
приобретать,-0.3802,26
факт,-0.3793,555
планка,-0.3793,23
таможня,-0.3793,113
безобразно,-0.3786,49
ухо,-0.3786,115
отсутствовать,-0.3781,176
шик,0.3773,25
компания,-0.3771,179
одноразовый,-0.3770,129
воронеж,0.3767,66
обязательно,0.3766,172
эластичный,0.3766,117
уходить,-0.3758,28
транспортный,-0.3753,85
брак,-0.3747,1345
оценивать,-0.3745,43
влюбиться,0.3744,29
голимый,-0.3742,248
право,-0.3742,50
неправильно,-0.3741,132
встреча,-0.3739,38
тело,0.3736,2796
megabonus,0.3736,22
запаковать,0.3731,24
расползаться,-0.3729,55
попасть,-0.3728,112
which,-0.3727,28
заморачиваться,-0.3726,27
рекомендовать,0.3724,4919
вылезти,-0.3723,36
требование,-0.3722,22
long,-0.3718,46
убедиться,-0.3718,22
плохо,-0.3717,1633
прорезь,-0.3717,25
постоянно,-0.3716,327
конец,-0.3716,401
оформление,-0.3702,39
роды,0.3699,21
достаточно,0.3698,647
жутко,-0.3698,142
катастрофически,-0.3696,31
впервые,-0.3695,123
заявить,-0.3694,820
растроиться,-0.3694,49
отклеиваться,-0.3693,94
клей,-0.3689,68
пятно,-0.3687,1013
клеёнка,-0.3685,52
совсем,-0.3683,2252
повезти,-0.3678,279
отстираться,-0.3678,148
изобразить,-0.3672,29
позиция,-0.3670,20
грубо,-0.3668,41
давно,-0.3667,137
обменять,-0.3666,20
решить,-0.3664,733
дошить,-0.3663,28
несоответствовать,-0.3662,35
судить,-0.3656,188
халатик,0.3656,106
че,-0.3655,23
июль,-0.3652,173
решиться,-0.3652,59
мерка,-0.3650,91
пермь,0.3649,40
мятный,0.3647,26
вдруг,-0.3646,54
земля,-0.3646,24
дата,-0.3645,39
наличие,-0.3642,138
общение,-0.3641,232
my,-0.3638,122
ладный,-0.3637,140
повредить,-0.3637,71
симметрично,-0.3633,26
несколько,-0.3629,624
будт,-0.3629,21
бизнес,0.3628,40
перёд,-0.3627,34
хрустеть,-0.3627,44
огород,-0.3625,51
отдельный,0.3625,147
залом,-0.3620,31
верёвка,-0.3619,32
потому,-0.3614,679
пол,-0.3613,246
это,-0.3610,3840
отпуск,-0.3610,57
удивительно,0.3608,35
пропорция,-0.3601,35
указать,-0.3601,831
вскрытие,-0.3596,37
наружу,-0.3590,70
час,-0.3587,128
класть,-0.3587,23
настолько,-0.3586,184
продать,-0.3586,135
пришивать,-0.3585,48
разрезать,-0.3584,34
удивить,0.3580,132
жопа,-0.3579,54
делать,-0.3577,765
обрабатывать,-0.3575,37
коробка,-0.3575,26
убогий,-0.3574,23
вечно,-0.3572,22
близко,-0.3571,96
питер,0.3568,168
благородный,0.3568,32
маркировка,-0.3564,71
совесть,-0.3559,41
потянуть,-0.3558,46
понравиться,0.3557,4169
вес,0.3547,1025
сказать,-0.3546,1232
урал,0.3546,24
made,-0.3545,25
приятно,0.3545,683
достать,-0.3545,39
рекорд,0.3545,23
понятно,-0.3536,407
скинуть,-0.3535,58
годиться,-0.3531,48
произвести,-0.3524,31
неудобный,-0.3522,98
добротный,0.3519,26
растроить,-0.3518,74
распарывать,-0.3518,31
soft,0.3513,21
исправлять,-0.3507,24
симпатичный,0.3506,332
посередине,-0.3500,50
спасать,-0.3499,27
безразмерный,-0.3497,46
дн,0.3497,20
параметр,0.3495,1798
пальтишко,0.3493,22
собрать,-0.3492,25
can,-0.3489,55
зашить,-0.3488,211
of,-0.3487,215
дочка,0.3485,403
область,0.3479,663
неверно,-0.3478,25
взять,0.3472,2609
рассмотреть,-0.3466,20
прочее,-0.3463,31
старый,-0.3460,74
предел,-0.3459,46
виноватый,-0.3458,175
китаец,-0.3454,85
любовь,0.3452,21
дешёвка,-0.3449,73
явно,-0.3441,316
распустить,-0.3440,46
услуга,-0.3440,24
неровно,-0.3438,99
омск,0.3437,59
далее,-0.3434,168
to,-0.3428,324
жена,0.3428,361
поползти,-0.3421,52
оверсайза,0.3420,120
цифра,-0.3418,27
зад,-0.3416,96
стекло,-0.3414,46
осторожный,-0.3413,65
подойти,0.3411,7038
ребята,-0.3411,42
ложиться,-0.3408,35
more,-0.3408,47
вываливаться,-0.3407,23
тряпочка,-0.3406,141
сомнительный,-0.3404,26
называть,-0.3400,22
дешёвый,-0.3394,905
оторваться,-0.3394,72
сбоку,-0.3383,118
менять,-0.3381,77
получение,-0.3379,202
парочка,0.3379,21
часть,-0.3375,871
перетянуть,-0.3372,26
туговато,0.3371,39
порадовать,0.3365,336
находиться,-0.3363,168
функция,-0.3360,24
списываться,-0.3360,24
екб,0.3358,20
развалиться,-0.3355,22
порваться,-0.3352,209
серёжка,0.3352,22
определённо,0.3347,31
понятный,-0.3343,133
стандарт,-0.3342,23
полупрозрачный,-0.3338,70
повсюду,-0.3335,50
тянуться,0.3331,2017
территория,-0.3330,54
тема,-0.3329,31
появиться,-0.3324,206
условие,-0.3322,68
мнение,-0.3322,80
вобщий,-0.3319,143
модный,0.3319,34
задница,-0.3317,32
мешок,-0.3314,397
тогда,-0.3313,297
on,-0.3311,142
передумать,-0.3310,25
лёгкий,0.3309,606
разойтись,-0.3302,287
большеватый,0.3302,368
металлический,-0.3302,26
пока,-0.3301,706
распуститься,-0.3297,77
u,0.3290,71
посылка,-0.3288,3489
неточный,-0.3285,41
один,-0.3282,3642
животик,0.3281,73
образец,-0.3280,53
прострочка,-0.3279,21
быстро,0.3278,5764
отписаться,-0.3277,47
придраться,0.3274,31
тула,0.3271,33
ножницы,-0.3269,62
отклеиться,-0.3268,20
целое,0.3267,1573
you,0.3262,170
безумно,0.3260,110
таковой,-0.3260,32
сломаться,-0.3257,30
сохранность,0.3257,29
лежать,-0.3253,237
at,-0.3251,61
заменить,-0.3250,73
выветриваться,-0.3246,25
поставщик,-0.3245,90
правый,-0.3244,120
начинать,-0.3236,90
платный,-0.3235,150
воздух,-0.3234,30
терять,-0.3231,39
безформенный,-0.3228,21
набитый,-0.3228,26
отовсюду,-0.3228,43
уйти,-0.3227,235
принести,0.3221,199
карлик,-0.3220,37
скрипучий,-0.3219,27
сгиб,-0.3218,23
противный,-0.3217,74
ваш,-0.3215,239
собирать,-0.3212,43
подчёркивать,0.3212,91
прислать,-0.3211,3765
умница,0.3209,36
уход,-0.3208,28
москва,0.3205,960
молодец,0.3205,272
китай,-0.3203,444
сожаление,-0.3201,1039
квартира,0.3201,116
новосибирск,0.3200,114
повседневный,0.3198,44
неделя,0.3197,4402
скидка,-0.3197,332
занять,0.3196,124
симпатично,0.3194,63
сырой,-0.3194,20
возраст,-0.3194,28
in,-0.3193,252
поход,-0.3193,35
коса,-0.3191,26
вязать,-0.3189,45
нету,-0.3188,87
пользоваться,-0.3187,59
вода,-0.3186,140
мокрый,-0.3184,86
ворот,-0.3183,56
продовца,-0.3182,230
круг,-0.3179,23
остаться,-0.3178,784
узелок,-0.3175,22
представить,-0.3171,142
детский,-0.3171,172
её,-0.3169,375
суть,-0.3169,35
кривоватый,-0.3169,31
оставить,-0.3164,204
пропорциональный,-0.3164,20
извещение,-0.3163,52
трусишка,0.3163,22
боковой,-0.3162,151
полинять,-0.3162,37
судьба,-0.3158,20
туловище,-0.3155,26
презент,0.3155,33
неаккуратный,-0.3154,68
октябрь,-0.3150,209
сразу,-0.3149,1370
паеткать,-0.3146,46
кол,-0.3145,47
рваться,-0.3144,72
отметить,-0.3144,67
доставка,0.3141,9439
знать,-0.3135,1485
жаловаться,-0.3135,25
вопрос,-0.3132,579
трекер,-0.3129,25
one,-0.3128,81
куча,-0.3126,140
айса,-0.3122,53
грязно,-0.3116,117
вонять,-0.3115,243
итого,-0.3113,24
откровенный,-0.3110,34
отслеживать,-0.3109,105
п,-0.3108,64
оценить,-0.3107,156
белоснежный,0.3107,50
конкретно,-0.3106,43
покрыться,-0.3104,47
поддеть,0.3096,33
осыпаться,-0.3093,34
отлететь,-0.3092,36
изделие,-0.3091,588
латвия,-0.3090,78
напутать,-0.3087,30
точить,0.3086,32
платьице,0.3084,20
видный,-0.3083,460
вытянутый,-0.3080,37
порядочный,-0.3079,54
медленно,-0.3079,39
пункт,-0.3078,91
вкус,0.3078,30
полоска,-0.3072,348
кг,0.3072,667
волгоград,0.3072,77
весить,-0.3071,84
сыпаться,-0.3071,84
копейка,-0.3069,107
липкий,-0.3068,70
похудеть,0.3068,41
самара,0.3067,58
проходить,-0.3065,76
застёгивание,-0.3063,21
рассчитывать,-0.3063,84
бонус,0.3060,33
носиться,0.3060,68
простить,-0.3060,44
называться,-0.3055,31
супруг,0.3054,58
time,-0.3053,68
возможность,-0.3053,84
тесноватый,0.3051,47
стремный,-0.3049,29
рискнуть,-0.3047,55
поменяться,-0.3047,20
маленько,0.3047,30
завязывать,-0.3039,23
окантовка,-0.3039,30
мышь,-0.3038,32
уточнить,-0.3036,60
оправдать,-0.3036,139
медленный,-0.3035,49
идеал,0.3035,20
ощущаться,0.3034,34
случай,-0.3033,326
нашить,-0.3032,31
ум,-0.3026,27
начало,-0.3025,300
честно,-0.3024,288
покупать,-0.3023,1393
выгореть,-0.3020,21
кнопка,-0.3019,308
сместить,-0.3018,20
ездить,-0.3018,40
производитель,-0.3014,69
приложить,-0.3012,103
jacket,-0.3007,32
зацепить,-0.3005,21
наощупь,0.3000,31
сибирь,0.2998,27
двигаться,-0.2997,33
универсальный,0.2996,23
смс,-0.2989,117
брючин,-0.2989,20
than,-0.2985,43
работать,-0.2984,205
вино,-0.2984,142
застирать,-0.2984,37
перекос,-0.2982,21
налазить,-0.2981,32
след,-0.2980,126
срез,-0.2980,21
откровенно,-0.2978,27
сочный,0.2978,29
жирный,-0.2977,57
челябинск,0.2975,55
рубль,-0.2974,856
полочка,-0.2971,34
разный,-0.2970,852
black,-0.2970,20
искать,-0.2969,103
шить,-0.2965,338
ноготь,-0.2965,30
низкий,-0.2964,493
реклама,-0.2962,32
буква,-0.2962,81
воротник,-0.2960,524
довольно,0.2960,617
тянуть,-0.2957,425
чуть,0.2955,1654
оверлок,-0.2954,22
впечатлить,-0.2954,28
линейка,-0.2944,32
несуразно,-0.2942,69
белгород,0.2942,22
голый,-0.2940,189
незнать,-0.2940,69
полоса,-0.2936,185
минута,-0.2934,111
удобно,0.2934,258
лицо,-0.2933,50
заметить,-0.2931,111
расклёшить,-0.2931,23
приклеить,-0.2930,68
сиська,-0.2930,23
добавление,0.2930,20
деревня,-0.2928,35
задний,-0.2927,108
перешив,-0.2927,22
спустить,-0.2926,66
беременность,0.2925,37
браслетик,0.2922,62
бесплатный,-0.2917,64
укоротить,0.2917,92
свитшота,0.2914,60
отделение,-0.2911,128
ползти,-0.2910,48
выкройка,-0.2909,46
добросовестный,-0.2909,46
оставлять,-0.2906,509
shop,-0.2901,20
правильный,-0.2900,168
рост,0.2895,6211
глядеть,-0.2891,20
секси,0.2891,28
неприятный,-0.2887,744
photo,-0.2886,41
перестраховаться,0.2885,22
сутки,-0.2880,51
расходиться,-0.2878,210
длительный,-0.2878,30
росс,0.2878,63
подарок,0.2877,1238
ряд,-0.2875,101
small,-0.2875,79
расстёгиваться,-0.2871,35
сфотографировать,-0.2871,25
длиньша,-0.2870,20
выдача,-0.2868,34
соответсвовать,-0.2867,293
являться,-0.2867,34
екатеринбург,0.2863,102
плотно,0.2861,157
вкрапление,-0.2861,22
облезлый,-0.2861,35
видимо,-0.2860,496
складываться,-0.2860,37
таблица,-0.2858,942
намёк,-0.2858,28
расти,0.2854,252
скроить,-0.2853,71
постараться,-0.2852,22
a,-0.2851,346
самостоятельно,-0.2850,43
and,-0.2849,421
катышек,-0.2847,372
свисать,-0.2845,32
бывать,-0.2840,78
лапша,-0.2840,47
рядом,-0.2837,79
вообщий,-0.2834,552
правильно,-0.2833,255
удалить,-0.2831,30
надеть,-0.2828,435
обработать,-0.2825,518
дырочка,-0.2825,242
задержка,-0.2824,48
часто,-0.2821,54
бридж,-0.2821,42
ширинка,-0.2821,26
стоимость,-0.2815,479
примерка,-0.2815,192
вытащить,-0.2810,29
телефон,-0.2809,59
расползтись,-0.2808,54
the,-0.2804,1011
долго,-0.2802,2963
фирменный,0.2799,45
просторный,0.2793,23
держать,-0.2792,444
ярлычок,-0.2790,30
необработанный,-0.2787,28
сегодня,-0.2786,249
российский,0.2785,1238
одеть,-0.2783,755
название,-0.2782,46
стоить,-0.2781,1727
скрыть,-0.2779,35
ч,-0.2776,26
производство,-0.2776,29
метр,-0.2775,27
фон,-0.2768,33
гольный,-0.2765,56
подробно,0.2764,24
пропускать,-0.2763,20
блестящий,-0.2759,133
превзойти,0.2759,26
голова,-0.2758,212
сравнить,-0.2757,44
нужный,-0.2757,478
сходиться,-0.2754,129
пристрочить,-0.2753,25
горб,-0.2753,21
отпечататься,-0.2752,29
коричневый,-0.2750,180
вязаный,-0.2750,59
низко,-0.2749,35
получаться,-0.2748,307
спокойно,0.2745,60
штанина,-0.2743,266
отпасть,-0.2742,26
пучок,-0.2736,20
сентябрь,-0.2735,222
оставаться,-0.2735,179
шнуровка,-0.2735,48
распаковка,-0.2734,51
нелепо,-0.2732,61
скрывать,0.2731,49
трусик,0.2727,405
трещать,-0.2727,62
честность,-0.2725,44
скрипеть,-0.2724,48
разница,-0.2722,151
затяжка,-0.2720,552
завернуть,-0.2719,21
лекало,-0.2718,74
конкретный,-0.2718,29
долг,-0.2716,21
наклеить,-0.2716,31
пришить,-0.2715,1016
be,-0.2713,68
офис,0.2712,53
деталь,-0.2710,59
ночь,-0.2710,22
перекосить,-0.2710,85
использование,-0.2710,43
this,-0.2708,181
майка,-0.2708,311
кошка,-0.2708,28
счёт,-0.2706,247
сахалин,0.2705,26
мочь,-0.2704,2272
россия,-0.2702,625
должный,-0.2701,813
переделка,-0.2696,29
different,-0.2695,29
носок,-0.2693,78
коротенький,0.2692,52
одновременно,-0.2690,30
готовый,-0.2689,100
полинялый,-0.2689,64
летучий,-0.2687,27
далёкий,-0.2685,174
достаться,-0.2683,56
хромать,-0.2681,23
разгладить,-0.2679,23
фиолетовый,-0.2677,118
восторженный,-0.2670,95
задом,-0.2669,24
км,-0.2665,21
горловина,-0.2664,540
реальный,-0.2664,150
ребёнок,-0.2662,829
ателье,-0.2662,213
количество,-0.2659,76
катушка,-0.2659,48
душа,-0.2653,29
странный,-0.2652,382
еле,-0.2650,480
thin,-0.2647,23
г,-0.2640,324
отгладить,0.2634,24
предусмотреть,-0.2630,20
впечатление,-0.2629,344
прийти,-0.2627,16948
радовать,0.2627,142
коротковатый,0.2626,1171
бирка,-0.2626,463
точность,0.2626,72
корпоратив,-0.2620,21
любитель,0.2620,39
желание,-0.2617,88
свободный,0.2614,902
подол,-0.2614,147
will,-0.2612,71
хотеть,-0.2609,1956
оооооочень,-0.2608,30
дело,-0.2607,1079
белые,-0.2607,238
никакой,-0.2606,732
центр,-0.2606,87
прошлый,-0.2601,74
комфортно,0.2599,235
впритык,0.2595,630
померить,-0.2594,117
дарить,-0.2594,38
желать,-0.2592,562
этикетка,-0.2592,299
трудно,-0.2591,64
просвет,-0.2591,25
ранее,-0.2585,102
выделять,0.2581,20
тепло,0.2579,136
измерить,-0.2579,30
отрезать,-0.2577,148
мало,-0.2575,1146
убого,-0.2574,24
надпись,-0.2573,162
фотография,-0.2571,530
доллар,-0.2569,66
клёпка,-0.2569,56
вшить,-0.2566,172
заедать,-0.2565,39
days,-0.2564,29
почта,-0.2558,1280
полезть,-0.2556,29
стрейч,0.2554,136
справа,-0.2552,30
бархатный,0.2550,20
легенс,0.2548,49
они,-0.2546,3901
сборита,-0.2543,56
сойтись,-0.2543,60
заказ,-0.2542,9347
отпороть,-0.2542,47
иной,-0.2534,31
тонковатый,0.2531,142
забирать,-0.2527,65
волна,-0.2525,70
прийтись,-0.2524,1734
интересный,0.2524,216
запас,0.2523,242
существенный,-0.2522,23
локоть,-0.2521,102
висеть,-0.2520,582
умничка,0.2520,73
неудобно,-0.2516,135
нижегородский,0.2512,27
труд,-0.2511,148
появляться,-0.2511,64
доходить,-0.2507,74
проплешина,-0.2506,31
стирать,-0.2504,279
реальность,-0.2503,315
комментарий,-0.2503,96
with,-0.2502,115
нечто,-0.2502,45
враньё,-0.2501,33
собака,-0.2500,49
матовый,0.2500,44
чехол,-0.2499,41
далеко,-0.2499,134
помощь,-0.2498,93
краска,-0.2497,187
легко,0.2493,173
съезжать,-0.2493,27
бомбер,0.2490,36
лента,-0.2489,85
хмао,0.2484,24
seller,-0.2482,295
собачка,-0.2480,23
сходить,-0.2477,60
худеть,0.2476,39
болотный,-0.2473,21
проблема,-0.2472,731
сто,-0.2472,46
развернуть,-0.2471,20
становиться,-0.2469,70
узковато,0.2468,60
поставить,-0.2467,367
прострочить,-0.2467,139
похвала,0.2467,25
прочный,0.2466,45
платок,0.2465,85
китайский,-0.2464,200
подумать,-0.2464,155
закрывать,-0.2463,217
фонарик,-0.2463,21
соответственно,-0.2462,146
притык,0.2461,140
множество,-0.2460,28
прилипать,-0.2454,106
низ,-0.2454,779
поменять,-0.2454,176
треугольный,0.2454,27
вырезать,-0.2453,44
гладиться,0.2451,36
наполнитель,-0.2448,150
отлипать,-0.2447,35
продувать,-0.2446,22
дизайн,0.2445,65
сборка,-0.2443,70
бледно,-0.2435,37
петля,-0.2433,170
вчера,-0.2432,29
same,-0.2430,22
бумага,-0.2430,39
примерять,-0.2429,30
тканевый,-0.2426,21
полотно,-0.2425,35
спина,-0.2423,618
помятый,-0.2423,61
позвонить,-0.2423,48
всякий,-0.2418,109
обработка,-0.2416,121
потеть,-0.2416,63
бюстик,0.2415,25
жить,-0.2414,42
занятие,0.2414,30
перекрутить,-0.2413,35
держаться,-0.2411,265
полиэстр,-0.2411,30
утюг,-0.2411,44
мужской,-0.2409,97
малый,-0.2407,208
стоять,-0.2406,210
наслать,-0.2406,36
but,-0.2405,247
похоже,-0.2405,391
образоваться,-0.2399,129
ворота,-0.2393,259
палец,-0.2392,71
продавать,-0.2384,151
оверлоко,-0.2384,22
трэк,-0.2382,107
обметать,-0.2382,20
вежливый,0.2380,97
зашивать,-0.2378,54
уфа,0.2378,54
отправка,-0.2374,747
сила,-0.2373,46
ласина,0.2372,21
оригинал,-0.2370,57
красиво,0.2369,668
собираться,-0.2368,277
передний,-0.2366,115
норма,0.2363,889
измениться,-0.2361,62
глаз,-0.2361,180
уверить,-0.2357,92
клетка,-0.2356,38
short,-0.2352,53
больно,-0.2350,35
подъюбник,0.2349,26
shipping,0.2349,52
пузырь,-0.2348,81
советовать,-0.2346,2828
стиль,0.2344,52
about,-0.2342,26
пережить,0.2340,54
измерение,-0.2339,24
неравномерно,-0.2339,37
мелкий,-0.2335,201
шаг,-0.2328,21
гармошка,-0.2328,54
i,-0.2326,498
пыль,-0.2326,29
прохладный,0.2324,77
отслуживаться,-0.2323,99
теперь,-0.2321,914
лень,-0.2318,21
заслуживать,-0.2317,23
жёсткий,-0.2313,161
украшение,-0.2313,22
сексуально,0.2313,21
долгожданный,-0.2311,31
бабушка,-0.2311,43
едкий,-0.2310,25
шуба,-0.2309,144
тысяча,-0.2307,68
снять,-0.2303,218
кой,-0.2303,235
едва,-0.2301,47
улица,-0.2299,184
пятый,-0.2298,34
страх,-0.2294,23
вызывать,-0.2294,27
некоторый,-0.2292,235
походить,-0.2289,59
слева,-0.2289,21
риск,-0.2288,33
владивосток,0.2286,40
бог,-0.2285,75
ниточка,0.2283,240
узковатый,0.2283,121
меховой,-0.2278,44
too,-0.2276,68
бесплатно,-0.2274,34
оба,-0.2271,196
наполнение,-0.2271,20
прозрачный,-0.2269,599
хрупкий,-0.2269,21
режим,-0.2268,20
карман,-0.2266,852
место,-0.2265,1367
пушап,-0.2261,27
руковы,-0.2260,45
дёшево,-0.2259,510
ощущение,-0.2258,498
хватить,-0.2258,126
прогадать,0.2257,149
основной,-0.2252,37
цепочка,0.2249,23
л,0.2249,456
sweater,-0.2249,23
пакет,-0.2240,595
разделять,-0.2236,24
it,-0.2233,380
матерьял,-0.2228,38
основа,-0.2224,31
клёш,-0.2220,22
совпасть,-0.2216,106
безнадёжно,-0.2215,22
натянуть,-0.2214,255
щиколотка,0.2210,191
тюль,-0.2209,42
одевать,-0.2208,353
число,-0.2208,53
расширение,0.2205,35
регулироваться,0.2205,52
будущее,-0.2199,24
толя,-0.2198,30
лезть,-0.2195,243
голубой,-0.2195,285
buy,-0.2195,29
хлопковый,0.2194,118
ровный,0.2189,1296
подкладочный,-0.2189,45
срезать,-0.2189,63
крепко,0.2189,30
предыдущий,-0.2187,108
ткать,-0.2186,30
единственно,0.2185,49
подмышка,-0.2184,247
одетый,-0.2184,30
гетры,0.2182,25
хабаровск,0.2179,40
оверлодить,-0.2174,22
маломерный,-0.2174,24
школа,0.2174,59
симпотичный,0.2170,33
трус,-0.2168,436
горчичный,-0.2168,42
начинаться,-0.2167,51
неочень,-0.2167,32
жилетка,0.2166,241
слегка,0.2166,251
русский,0.2165,909
некрасивый,-0.2164,87
машинка,-0.2161,79
осторожно,0.2159,20
гигантский,-0.2159,37
помещаться,-0.2158,25
линия,-0.2157,106
завязать,-0.2154,38
удачный,0.2152,124
показать,-0.2147,147
бросаться,-0.2146,77
побояться,-0.2146,34
кашемир,-0.2144,160
почувствовать,-0.2143,20
ботинок,0.2143,21
новый,-0.2141,517
посредственный,-0.2139,26
впереди,-0.2136,133
замша,0.2135,64
сидеть,0.2134,2232
скорый,-0.2133,74
дешёвенький,-0.2133,20
пройма,-0.2132,210
клеить,-0.2132,22
узкий,-0.2130,934
шарф,0.2128,288
слабый,-0.2127,128
чашка,-0.2125,249
ехать,-0.2124,147
прочитать,-0.2124,97
выточка,-0.2124,108
протяжение,-0.2123,40
джемпер,0.2121,185
бледный,-0.2115,184
совпадать,-0.2114,695
обратить,-0.2114,75
липнуть,-0.2113,264
целость,0.2112,40
рынок,-0.2109,66
просвечиваться,-0.2108,359
начёс,0.2107,149
худой,-0.2107,214
беда,-0.2107,123
печать,-0.2106,65
вырез,-0.2102,336
возникнуть,-0.2097,36
бретель,-0.2097,38
январь,-0.2096,119
привет,-0.2095,57
передать,-0.2094,41
прямой,-0.2092,180
what,-0.2092,32
лайкра,0.2089,25
тесновато,0.2089,69
колено,0.2084,837
ручной,-0.2084,55
чувствоваться,0.2084,60
нить,-0.2083,139
уточнять,-0.2082,47
шнурок,-0.2082,111
особенность,0.2081,25
заклёпка,-0.2079,49
странно,-0.2076,249
переделывать,-0.2074,73
го,-0.2073,55
тон,-0.2069,61
пух,-0.2068,284
закрепить,-0.2068,44
сравнивать,-0.2065,20
сверху,-0.2062,231
blue,-0.2062,21
заметный,-0.2058,47
половинка,-0.2058,26
высокий,0.2055,800
страшный,-0.2054,82
мешочек,0.2054,21
вылазить,-0.2053,37
нг,-0.2052,53
размытый,-0.2051,32
плоский,-0.2051,78
чёткий,0.2047,140
month,-0.2044,24
розовый,-0.2043,602
сделать,-0.2042,1481
размерный,-0.2041,1426
гореть,-0.2041,24
балахон,-0.2040,56
выпирать,-0.2038,27
сдэк,-0.2037,74
небрежно,-0.2036,31
химия,-0.2036,35
пуговица,-0.2035,638
нормально,0.2035,1257
мера,0.2034,75
резина,-0.2032,53
сэкономить,-0.2031,35
примесь,0.2031,25
настоящий,-0.2029,77
малюсенький,-0.2029,30
удовлетворить,-0.2029,45
чётко,0.2028,76
выкладывать,-0.2027,20
повод,-0.2026,138
пузыриться,-0.2026,24
отличаться,-0.2023,684
некомфортно,-0.2017,54
фабричный,0.2015,93
равномерно,-0.2013,34
сейчас,-0.2012,461
следующий,-0.2012,288
стринг,-0.2011,44
балкон,-0.2009,50
застёгиваться,-0.2007,181
ножка,0.2007,59
мороз,0.2005,86
клеиться,-0.2002,29
повседнёвка,0.1997,28
сантиметр,-0.1992,193
создаваться,-0.1992,22
запах,0.1991,3245
соответствие,-0.1990,175
садиться,0.1989,148
жёлтый,-0.1988,283
каждый,-0.1988,278
xxs,-0.1987,37
весьма,0.1985,58
поддерживать,-0.1984,41
попробовать,-0.1983,167
волос,0.1983,450
поносить,-0.1983,122
приемлемый,0.1979,53
найти,-0.1978,267
зацепка,-0.1977,283
перо,-0.1977,30
расположить,-0.1974,73
чистый,-0.1973,283
купальник,-0.1973,88
пиджак,-0.1972,244
учесть,-0.1967,56
опознавательный,-0.1966,24
пряжа,-0.1962,58
мероприятие,-0.1962,22
кремовый,-0.1961,30
отзыв,-0.1959,2015
джинсовый,0.1959,37
гладкий,0.1958,76
укорачивать,0.1958,36
жизнь,-0.1956,221
главный,-0.1956,52
мес,-0.1954,156
близкий,-0.1949,178
гр,-0.1945,29
бок,-0.1944,380
намного,-0.1941,544
узор,-0.1941,47
молния,-0.1940,689
мышка,-0.1940,73
убирать,-0.1938,35
ходить,-0.1933,499
плюшевый,0.1932,32
колючий,-0.1930,186
хх,0.1928,140
выписывать,-0.1928,39
опустить,-0.1928,25
шея,-0.1926,182
стык,-0.1924,32
промокать,-0.1921,20
обрадовать,0.1920,22
picture,-0.1917,52
шубка,0.1917,70
общительный,0.1909,633
доставать,-0.1908,37
приехать,-0.1907,306
прикрепить,-0.1906,44
крепиться,-0.1905,22
короткий,-0.1904,4633
ручка,-0.1902,32
надеваться,-0.1901,23
использовать,-0.1901,96
примерно,0.1897,404
читать,-0.1896,222
долгий,-0.1893,1158
джинса,0.1889,101
фигура,0.1888,734
подниматься,-0.1886,76
хлипкий,-0.1886,67
м,0.1885,4121
стереться,-0.1880,32
оформить,-0.1878,114
вешалка,-0.1877,29
чёрный,-0.1875,1533
круглый,-0.1875,28
влезать,-0.1874,35
продавец,-0.1873,20636
вельвет,0.1873,23
прошить,-0.1872,952
опыт,-0.1872,85
l,0.1871,4039
ноябрь,-0.1868,269
оценка,-0.1865,323
посылочка,0.1865,26
сердечко,-0.1863,20
тверь,0.1862,27
новогодний,0.1861,86
recommend,0.1860,68
скататься,-0.1859,68
многие,-0.1859,82
нет,-0.1853,4663
полноценный,0.1851,26
сравнение,-0.1848,120
одевание,-0.1847,36
прилагаться,0.1846,26
дождь,-0.1846,36
расчёт,-0.1846,22
оранжевый,-0.1845,63
перешивать,-0.1844,279
помяться,0.1843,34
получиться,-0.1842,439
спорт,-0.1842,95
постирать,-0.1841,222
глубокий,0.1840,168
поднять,-0.1839,110
простой,-0.1836,179
бант,-0.1833,49
общаться,-0.1831,941
понимание,-0.1831,29
занизить,0.1831,40
тоненький,0.1830,521
нед,0.1830,36
регион,-0.1830,22
сетка,-0.1829,1447
бежевый,-0.1829,308
два,-0.1827,2910
вспотеть,-0.1827,24
мерило,0.1827,100
шитьё,-0.1826,43
рубашка,0.1824,2128
so,-0.1818,74
took,-0.1818,28
рука,-0.1816,840
химический,-0.1816,57
обойтись,-0.1815,65
колиться,-0.1814,66
повязка,0.1814,28
положить,0.1814,1078
джинсы,0.1812,1122
измерять,-0.1811,26
вата,-0.1808,20
пеньюар,-0.1807,20
брать,0.1806,4598
тк,-0.1806,131
беж,-0.1806,34
топорщиться,-0.1804,358
сдавливать,-0.1800,32
знак,-0.1800,33
нюанс,0.1799,26
смешной,0.1797,79
бусина,0.1796,56
проверить,-0.1795,117
замок,-0.1795,295
спереди,-0.1794,617
выполнить,-0.1794,204
петелька,-0.1793,68
портить,-0.1790,169
замер,-0.1789,63
лямка,-0.1789,270
растянуть,-0.1789,35
декабрь,-0.1788,170
месяц,-0.1788,6674
леггинс,0.1788,537
вставить,-0.1786,57
облегать,0.1784,167
отдать,-0.1782,522
наконец,-0.1781,97
угадать,0.1780,421
советоваться,-0.1779,39
бесшовный,0.1779,51
мгновенно,0.1779,20
представлять,-0.1774,76
обтяга,0.1773,316
складка,-0.1771,316
вцелое,0.1771,27
женский,-0.1770,66
бордовый,-0.1763,166
терпимо,0.1762,22
подворачивать,0.1760,38
переделать,-0.1760,56
хватать,-0.1759,159
ковт,-0.1757,38
руб,-0.1756,478
уж,-0.1754,333
проблемный,-0.1753,21
путь,-0.1752,356
чашечка,-0.1751,147
дышать,-0.1750,181
комплект,0.1750,380
мерить,-0.1749,76
н,-0.1746,67
дача,-0.1742,143
хб,0.1742,109
рф,-0.1742,59
слой,-0.1741,125
крой,-0.1740,332
рождение,-0.1738,32
зона,-0.1735,36
небольшой,0.1734,722
оттопыриваться,-0.1734,26
иначе,-0.1732,178
сзади,-0.1729,738
вылезать,-0.1728,53
лен,0.1728,49
store,-0.1726,25
сборить,-0.1723,28
надевать,-0.1722,219
внизу,-0.1721,417
обнаружить,-0.1721,112
фурнитура,0.1721,73
давольный,0.1718,64
парк,0.1717,64
оплата,-0.1715,186
оказаться,-0.1712,3412
слишком,-0.1711,1030
лично,-0.1709,145
реал,-0.1707,159
принт,0.1704,230
застёгивать,-0.1704,43
квадрат,-0.1701,39
юбка,0.1698,2431
size,-0.1697,246
утеплить,0.1696,124
отверстие,-0.1695,48
достоинство,0.1693,35
абсолютный,-0.1693,28
солнце,0.1691,28
прибытие,-0.1689,33
прибыть,-0.1685,246
длина,0.1683,2501
устраивать,0.1680,134
передавать,0.1677,37
скорость,0.1676,73
полтора,-0.1669,231
смешно,-0.1668,60
добавка,-0.1665,24
выветриться,0.1664,107
худышка,-0.1662,24
неоднозначный,-0.1661,26
хаки,-0.1660,69
неаккуратно,-0.1657,155
много,-0.1654,910
зелёный,-0.1648,332
плащёвка,-0.1648,45
стеклянный,-0.1646,27
покрой,-0.1645,146
пупок,-0.1645,187
привезти,0.1645,176
прикрыть,-0.1645,42
косточка,0.1642,88
морщить,-0.1641,22
are,-0.1641,87
вряд,-0.1639,85
мягко,-0.1638,68
гораздо,-0.1637,280
синтетик,-0.1635,4077
подвести,-0.1632,67
синтетический,-0.1631,336
иметь,-0.1629,436
вышитый,-0.1629,28
лететь,-0.1628,28
тонкий,-0.1625,4366
др,-0.1624,53
обхват,0.1623,279
верхний,-0.1623,200
распределить,-0.1619,36
прадовец,-0.1617,23
минимум,-0.1617,138
тройка,-0.1617,67
вместе,-0.1616,77
почти,-0.1615,1217
нашивка,-0.1607,44
its,-0.1607,21
второе,-0.1606,75
доставлять,-0.1606,66
исключение,0.1605,37
обтяжка,0.1603,370
застегнуться,-0.1599,64
бедро,0.1596,1713
основное,0.1594,39
вытачка,-0.1593,111
тяжело,-0.1592,52
расстояние,-0.1591,43
напоминать,-0.1590,125
особенный,-0.1590,24
момент,-0.1589,316
слабо,-0.1589,30
талия,0.1588,2274
цветок,-0.1588,51
мешковатый,0.1586,27
натягиваться,-0.1585,65
мама,0.1584,392
ощуп,0.1584,47
отделка,-0.1584,33
подшить,-0.1581,119
окраситься,-0.1581,27
комбез,0.1579,79
освещение,0.1576,22
светло,-0.1573,54
заказывать,-0.1572,8068
белый,-0.1571,1152
основный,-0.1570,33
шитый,-0.1570,42
первый,-0.1567,2106
отходить,-0.1566,23
весна,0.1563,249
средне,-0.1563,40
максимально,0.1561,24
шёлковый,0.1558,23
отзывчивый,0.1554,90
натуральный,0.1554,234
три,-0.1552,1329
исправить,-0.1551,160
точка,-0.1550,106
горло,-0.1548,158
поясница,-0.1548,43
троечка,-0.1547,145
район,-0.1544,197
подобный,-0.1543,116
строчка,-0.1543,475
подросток,-0.1542,168
сложить,-0.1537,22
меняться,-0.1537,23
исходить,-0.1536,24
бренд,-0.1534,29
поместиться,-0.1534,38
ден,-0.1533,26
блёстка,-0.1533,51
капрон,-0.1530,45
xxl,0.1527,1027
рекомендация,0.1526,46
ярко,-0.1525,120
купить,-0.1521,1075
оправдаться,-0.1518,29
sleeves,-0.1513,31
увеличивать,-0.1512,39
маловатый,0.1508,853
аккуратный,0.1505,425
магнититься,-0.1502,41
вручную,-0.1499,36
подружка,0.1498,28
синий,-0.1497,548
фактура,-0.1497,32
общий,-0.1496,1375
посоветовать,-0.1496,240
эластан,0.1494,35
болтаться,-0.1493,142
fabric,-0.1492,47
зимний,-0.1491,251
маленький,-0.1490,6714
shirt,-0.1490,21
специально,-0.1486,210
нибыть,-0.1486,71
came,-0.1484,67
пушистый,0.1484,145
оч,0.1483,172
for,-0.1483,179
действительно,0.1478,257
похожий,-0.1477,663
подарить,-0.1476,254
колгот,0.1475,44
важный,-0.1474,32
лето,0.1473,659
год,-0.1472,911
магазин,-0.1469,1627
молочный,0.1468,89
тусклый,-0.1463,92
одежда,-0.1462,363
пост,-0.1460,32
description,-0.1459,54
модно,0.1455,38
обрезать,-0.1452,232
соотвествовать,-0.1451,24
фирма,-0.1441,67
вытянуться,-0.1439,30
предварительно,-0.1439,22
шов,-0.1438,4404
внешне,0.1437,92
маломерка,-0.1436,660
характеристика,-0.1436,20
домашний,-0.1434,141
петербург,0.1434,26
подобрать,0.1432,80
синтепон,-0.1432,149
перекручиваться,-0.1430,24
живой,-0.1429,98
плечики,-0.1426,24
астрахань,0.1425,26
спасти,-0.1423,43
положение,-0.1422,37
принцип,0.1420,474
тянутый,-0.1419,59
электризоваться,-0.1419,283
cm,-0.1418,30
вверх,-0.1416,134
бретелька,-0.1414,43
серый,-0.1413,719
определить,-0.1411,20
выбирать,-0.1410,233
толстой,0.1408,139
приходиться,-0.1406,140
штука,-0.1406,155
наоборот,-0.1405,106
создавать,-0.1404,32
дополнительный,-0.1403,53
оправдывать,-0.1403,49
страз,-0.1401,87
сильно,-0.1400,2059
халат,-0.1400,449
зимой,0.1396,163
многий,-0.1392,72
масло,-0.1390,24
шифон,-0.1388,104
кожаный,-0.1388,31
приталенный,-0.1386,88
совет,-0.1385,137
примерить,-0.1385,58
удивление,0.1383,42
начитаться,-0.1382,183
натягивать,-0.1381,45
отдельно,-0.1379,79
смотреться,0.1378,2544
облипка,0.1378,144
прилагать,-0.1378,59
b,0.1376,42
носить,-0.1375,4874
легинс,0.1375,236
закататься,-0.1375,38
хл,0.1372,507
прогулка,0.1372,63
качество,0.1370,14852
заметно,-0.1366,144
греть,-0.1366,45
нарисовать,-0.1365,30
дорогой,-0.1364,283
девочка,-0.1363,654
ставить,-0.1360,668
движение,-0.1359,122
принципиально,0.1359,20
рабочий,-0.1355,31
добраться,0.1349,30
ростовка,-0.1348,44
застегнуть,-0.1347,129
считать,-0.1346,244
оно,-0.1345,822
опираться,-0.1343,26
пожалеть,0.1339,367
разменный,-0.1338,21
вперёд,-0.1336,39
обзор,-0.1335,47
пригодиться,-0.1333,34
epacket,-0.1332,31
крайний,-0.1332,41
полувера,0.1331,24
delivery,0.1331,109
огромный,-0.1330,1396
пойти,-0.1327,782
тонюсенький,-0.1327,78
минь,0.1327,26
тщательно,0.1326,20
увеличить,-0.1325,24
выход,-0.1325,73
добавлять,-0.1325,20
соответствовать,-0.1324,6433
дочь,0.1322,427
дальнейший,-0.1322,24
вид,-0.1321,981
описать,-0.1318,107
спинка,-0.1311,143
xl,0.1308,3816
размерчик,0.1308,23
is,-0.1307,544
машина,-0.1306,63
жилет,0.1304,201
внутренний,-0.1303,234
шт,-0.1301,83
объёмный,0.1298,135
пролежать,-0.1297,39
пуп,-0.1297,27
полиэстер,-0.1292,196
парка,-0.1292,39
чулок,-0.1291,206
песочный,0.1289,21
сервис,-0.1286,58
однозначно,0.1286,344
промежность,-0.1286,22
пышный,0.1285,100
бюстгалтер,-0.1284,77
почтовый,-0.1278,197
целый,-0.1276,199
идея,-0.1276,41
застёжка,-0.1274,189
форма,-0.1274,363
течение,-0.1274,390
легенец,0.1273,24
моментально,-0.1269,58
слон,-0.1267,61
водолазка,0.1267,578
выбрать,-0.1266,360
мотня,-0.1266,27
ворсинка,-0.1264,31
дойти,0.1260,1629
убрать,-0.1260,144
ххх,0.1258,73
себя,-0.1256,1720
некрасиво,-0.1255,202
можно,0.1252,3064
пятнышко,-0.1252,60
повести,0.1247,53
надеяться,-0.1244,603
утонуть,-0.1244,133
заниматься,-0.1242,34
сложно,-0.1241,105
косяк,-0.1239,235
плотность,0.1235,62
рассчитать,-0.1233,104
приобретение,0.1232,37
муж,0.1231,112
главное,0.1230,192
пакетик,0.1230,47
аналогичный,-0.1229,40
впиваться,-0.1229,41
сын,0.1228,20
тесьма,-0.1228,20
fit,0.1224,30
жакет,-0.1221,39
светиться,-0.1220,79
разрез,-0.1219,199
вытягиваться,-0.1218,24
накидка,-0.1214,55
й,0.1214,106
свет,-0.1211,68
вверху,-0.1209,46
состав,-0.1202,423
следовать,-0.1202,52
пара,-0.1200,725
тыс,0.1199,28
нормальный,0.1193,1302
p,-0.1192,43
сумка,-0.1191,20
чудо,-0.1189,108
пробовать,-0.1186,62
утягивать,0.1186,89
нога,-0.1184,782
часы,-0.1184,22
благодарный,0.1180,21
купон,-0.1179,112
праздник,0.1178,142
замочка,0.1173,26
подсесть,0.1173,22
боков,-0.1168,43
утяжка,0.1168,24
красота,0.1166,57
ссылка,-0.1159,68
серия,-0.1159,21
резиновый,-0.1158,41
мятый,-0.1157,173
обычный,-0.1154,635
надевание,-0.1152,23
дама,-0.1149,30
снизу,-0.1146,218
дорога,-0.1145,93
взгляд,0.1144,190
оооочень,-0.1143,208
люрекс,0.1143,20
вниз,-0.1142,89
прорезать,-0.1140,65
комбинезон,0.1138,118
пропечатать,0.1136,31
кот,-0.1135,54
бумажный,-0.1133,31
осень,0.1129,570
перешить,-0.1125,92
мешать,-0.1121,27
material,-0.1120,47
ориентироваться,-0.1119,107
quality,0.1117,228
верх,-0.1115,471
связать,-0.1114,43
цвета,0.1111,97
больший,-0.1110,1863
соотношение,0.1110,50
бирюзовый,-0.1110,37
присесть,-0.1110,22
худенький,-0.1107,195
выдержать,-0.1107,46
напечатать,-0.1105,45
пайеткать,-0.1104,44
третий,-0.1101,251
крошечный,-0.1101,25
обувь,-0.1101,20
смущать,0.1101,34
дороговатый,-0.1099,37
сапог,0.1098,48
стираться,0.1098,38
декоративный,-0.1097,33
атласный,0.1096,29
маломерить,-0.1095,1204
сиреневый,-0.1095,38
влажный,-0.1089,30
неожиданно,0.1089,37
балл,0.1083,108
ожидаться,-0.1075,104
полностью,0.1066,793
порекомендовать,-0.1064,30
ап,0.1063,23
смотреть,0.1062,3865
заводский,-0.1062,22
холодно,-0.1061,123
пять,-0.1060,138
кожа,-0.1059,315
сдек,0.1058,91
беременный,0.1058,47
план,0.1055,38
кофта,-0.1054,3834
выбор,-0.1054,130
день,0.1053,4509
особо,-0.1053,214
надо,0.1045,1594
as,-0.1044,89
мяться,0.1042,171
правда,-0.1042,24
матня,-0.1035,20
особенно,0.1031,285
облипочка,0.1031,27
положительный,-0.1029,146
ношение,-0.1028,48
промахнуться,0.1025,41
дополнить,0.1022,115
вещь,-0.1016,1981
вовремя,-0.1012,131
знакомый,-0.1009,45
расстегнуть,-0.1009,27
процент,-0.1008,43
изнутри,0.1008,89
густой,0.1008,25
практически,-0.1003,241
пятка,0.1003,71
big,-0.1003,38
планировать,-0.0994,47
выше,0.0993,691
сползать,-0.0990,168
взрослый,-0.0990,78
разм,0.0986,34
входить,-0.0985,29
желтизна,-0.0982,24
фото,-0.0980,5757
иногда,0.0978,42
помпон,-0.0976,91
недочёт,-0.0972,82
немой,-0.0971,348
ответственный,0.0969,75
лишний,-0.0968,226
внимательно,0.0968,54
винный,0.0968,63
более,-0.0966,1196
скатываться,-0.0966,82
сарафан,0.0965,94
тяжёлый,0.0964,102
впору,0.0962,26
шерстяной,0.0962,34
xxxl,0.0961,399
доставить,-0.0961,1160
сомневаться,-0.0959,120
помочь,-0.0952,248
вешить,0.0950,21
холод,0.0949,54
жать,0.0948,229
широкий,-0.0948,1267
трусель,-0.0945,37
вискоза,0.0944,70
толща,-0.0944,87
нитка,-0.0943,5130
рукав,-0.0942,5732
звезда,-0.0941,1738
волан,-0.0941,38
флис,0.0939,187
минус,-0.0939,241
растянуться,-0.0938,158
благодарность,0.0938,29
десять,-0.0936,43
процесс,-0.0935,63
туника,-0.0925,283
столь,-0.0925,29
пояс,-0.0919,647
бюстгальтер,-0.0918,156
толстый,0.0915,280
дорого,0.0914,173
ладонь,0.0910,43
объём,0.0908,733
максимальный,-0.0908,53
надёжный,-0.0908,54
отворот,-0.0907,20
внешний,-0.0905,178
спать,-0.0903,77
привыкнуть,-0.0902,32
подкладка,-0.0897,489
европейский,0.0896,58
ночной,-0.0890,124
гладить,0.0887,46
внутрь,-0.0886,27
лосина,-0.0884,33
необходимо,-0.0882,28
трикотаж,0.0881,490
налезать,-0.0877,32
внимание,-0.0875,167
ночнушко,-0.0869,153
персиковый,-0.0868,38
цепляться,-0.0863,58
ленточка,-0.0862,21
потёртость,-0.0859,28
жаркий,0.0858,32
выцветший,-0.0857,20
частый,-0.0852,22
пуговка,0.0847,56
погода,0.0844,126
остальной,0.0843,573
мешковато,0.0838,22
ворс,-0.0838,76
идти,-0.0836,4236
подруга,0.0830,230
темно,-0.0829,135
градус,0.0821,111
тугой,-0.0814,172
рисунок,-0.0812,991
шапка,0.0812,556
вживую,-0.0810,38
обтянуть,-0.0809,60
подклад,-0.0808,270
учитывать,0.0807,140
цветочек,0.0804,21
ластовица,-0.0803,46
отличие,0.0802,54
вышивка,0.0799,222
врезаться,-0.0797,48
утеплитель,-0.0792,55
цена,0.0790,2552
налезть,-0.0789,342
твёрдый,0.0788,66
минимальный,-0.0788,25
любой,0.0786,180
лиф,-0.0786,127
подрезать,0.0785,35
поздний,0.0783,363
силикон,-0.0783,20
длиней,-0.0781,45
плюс,-0.0776,270
сюрприз,-0.0772,26
ожидать,-0.0770,1536
рыхлый,-0.0770,54
почитать,-0.0770,132
точный,-0.0767,208
уровень,-0.0766,167
плечо,-0.0765,1522
very,0.0765,312
редко,0.0763,33
трикотажный,-0.0762,93
замёрзнуть,-0.0761,33
smaller,0.0755,22
р,0.0754,1074
телосложение,-0.0752,20
шкурка,-0.0751,22
заузить,-0.0751,61
очень,0.0750,23019
аппликация,-0.0748,30
вечер,0.0746,57
наверняка,-0.0745,23
m,0.0744,874
изнаночный,-0.0743,67
живот,-0.0743,285
пахнуть,-0.0739,475
дефект,-0.0738,294
забрать,-0.0737,209
чисто,-0.0737,104
простенький,0.0732,26
блуза,0.0731,221
плюш,0.0731,22
product,-0.0729,94
постоянный,0.0729,28
шуршать,-0.0729,81
ягодица,-0.0727,38
симметричный,-0.0726,31
резкий,-0.0726,36
грязноватый,-0.0726,20
лосиный,0.0723,529
стягивать,-0.0722,54
прикрывать,-0.0721,254
x,0.0719,36
крупный,0.0719,125
среднее,-0.0717,109
крытый,0.0717,23
манжета,-0.0717,205
снимать,-0.0713,285
кость,0.0710,24
добрый,-0.0708,95
ххл,0.0707,77
шерсть,-0.0705,220
картинка,-0.0703,3057
фасон,-0.0702,586
покупка,0.0701,1565
торчать,-0.0698,4570
продукция,-0.0697,31
рубаха,-0.0697,49
предполагать,-0.0697,39
благо,-0.0696,54
пах,-0.0693,27
прилететь,0.0693,34
узко,-0.0688,128
повреждение,-0.0687,37
верёвочка,-0.0686,42
фотка,-0.0685,113
снизить,-0.0684,86
закатать,-0.0683,25
неплохо,0.0679,383
звёздочка,-0.0679,42
подбирать,-0.0678,53
сезон,-0.0675,68
принта,-0.0675,28
красный,-0.0671,705
шёлк,-0.0666,77
шорты,-0.0665,685
полнить,-0.0665,97
прямо,0.0663,262
пуховик,0.0661,496
осенний,-0.0661,66
растягиваться,0.0652,171
подтягивать,-0.0652,42
стройный,0.0647,93
самый,0.0644,2131
бархат,0.0644,41
item,-0.0642,76
холодное,-0.0642,53
кофе,-0.0642,22
доставляться,-0.0641,22
скользкий,-0.0634,50
визуально,0.0628,51
страшно,0.0626,258
середина,-0.0625,280
пошив,-0.0624,1186
снаружи,-0.0624,114
ранний,-0.0623,211
рукова,-0.0621,272
значительно,-0.0618,77
заколка,-0.0616,20
cdek,-0.0610,80
силиконовый,0.0609,42
s,0.0607,3732
капюшон,-0.0606,465
касаться,-0.0606,72
спортивный,0.0603,85
смутить,-0.0602,31
колоться,0.0600,231
эффект,-0.0600,83
второй,-0.0599,1494
кусочек,-0.0599,37
давить,0.0598,205
перетягивать,0.0597,48
нежно,-0.0596,37
изнанка,-0.0590,123
сестра,0.0588,147
посадка,0.0585,238
тесный,-0.0583,38
необходимость,-0.0580,28
четверть,-0.0578,50
температура,-0.0577,62
искуственный,0.0575,28
нужно,-0.0573,934
удлинённый,0.0571,64
машинный,-0.0570,36
крючок,-0.0567,83
подсказать,0.0566,44
стирка,-0.0565,1811
добавить,-0.0563,140
цветной,-0.0562,25
пляж,0.0560,49
блёклый,-0.0559,71
силуэт,-0.0559,40
пятёрка,0.0555,20
роза,-0.0553,26
поясок,0.0552,30
кардиган,0.0551,455
высоко,0.0551,125
вложить,0.0549,60
жарко,-0.0548,144
весь,-0.0547,3225
обращать,0.0547,31
прилегать,0.0546,69
поп,-0.0543,678
пуш,0.0543,30
средненький,-0.0543,24
радость,0.0541,31
looks,-0.0539,47
исчезнуть,-0.0538,92
линять,-0.0537,219
модель,-0.0534,910
кармашек,0.0532,32
гардероб,0.0527,30
утепление,-0.0527,32
гипюр,-0.0524,35
ушить,0.0520,157
уверенный,-0.0519,27
придумать,-0.0519,45
ширина,-0.0518,286
слава,0.0516,32
думать,0.0515,2241
стандартный,-0.0514,113
влезть,-0.0512,325
длинна,-0.0512,40
грудь,-0.0508,2948
пальто,-0.0508,759
х,0.0504,861
тренировка,0.0501,50
посмотреть,0.0498,409
показаться,0.0498,94
цвет,0.0496,7606
поднимать,-0.0495,50
сорочка,0.0490,198
очки,0.0489,104
бельё,0.0485,419
наклейка,-0.0478,106
обычно,0.0478,306
подвернуть,0.0475,65
квадратный,-0.0474,54
размер,0.0472,22267
резинка,0.0470,1472
ушивать,-0.0467,274
учёт,-0.0465,107
color,-0.0465,63
выглядеть,-0.0463,2205
блестеть,-0.0462,190
курьерский,0.0461,92
доехать,-0.0459,82
ткань,-0.0455,8152
зал,-0.0450,53
хлопок,-0.0447,1204
продукт,0.0447,68
снижать,-0.0445,93
зима,0.0441,563
бюст,0.0434,213
толстовка,0.0433,692
недостаток,-0.0433,173
пижама,-0.0432,705
нарекание,0.0430,105
коленка,-0.0429,72
вариант,0.0426,246
ремешок,0.0425,56
неплохой,0.0418,880
присутствовать,0.0410,261
колготки,0.0406,768
состояние,0.0405,157
сильный,-0.0399,283
задираться,-0.0398,87
капроновый,-0.0397,75
плащ,0.0396,75
широко,-0.0392,148
кружево,-0.0390,693
коротко,-0.0390,194
нижний,-0.0389,309
вставка,-0.0389,125
краситься,0.0388,100
пошить,-0.0386,853
упаковка,0.0383,335
буквально,0.0381,84
лифчик,-0.0378,113
реально,-0.0372,209
оттенок,-0.0371,147
раз,-0.0367,4239
невысокий,0.0364,68
мех,-0.0364,812
трек,-0.0362,2396
внимательный,-0.0360,230
ровно,-0.0357,488
важно,0.0356,53
all,-0.0356,69
просвечивать,-0.0344,1756
точно,-0.0339,832
ящик,0.0334,59
платье,0.0333,6695
двойной,-0.0327,54
край,-0.0309,669
мой,-0.0307,6086
работа,0.0306,296
ремень,0.0306,134
гулять,0.0298,68
набор,-0.0298,50
обтягивать,0.0292,275
чувствовать,-0.0292,69
ушко,-0.0288,59
девушка,-0.0287,575
завысить,-0.0287,265
помогать,0.0282,60
бодить,0.0281,291
переживать,-0.0280,85
вязка,0.0279,307
порядок,-0.0279,136
отслеживаться,0.0277,3243
единственный,0.0276,954
туго,0.0272,75
летний,-0.0259,287
ооооочень,-0.0255,87
сшить,0.0251,2599
ходьба,-0.0250,137
интересно,0.0250,80
заказать,-0.0244,7975
блузка,0.0241,1697
like,-0.0237,96
сойти,-0.0236,194
тесно,0.0235,83
ветровка,0.0228,87
друг,-0.0222,470
изъян,0.0213,50
устроить,-0.0211,103
тёмный,-0.0209,433
единый,-0.0208,81
дом,-0.0203,1075
средний,-0.0200,411
майк,-0.0192,606
джинс,0.0191,100
пуловер,0.0188,99
приобрести,-0.0184,69
красить,0.0172,52
топика,-0.0163,90
продажа,0.0158,61
свитер,-0.0156,2318
dress,0.0155,74
оочень,-0.0153,69
блеск,0.0153,88
иметься,-0.0150,155
штаны,-0.0145,1592
менее,-0.0145,215
куртка,0.0144,3174
треугольник,0.0139,59
бояться,-0.0133,252
брюки,0.0133,988
расцветка,-0.0132,296
искусственный,-0.0128,193
большемерить,-0.0127,93
d,0.0124,120
большой,-0.0118,8405
длинный,-0.0107,1805
казаться,-0.0102,461
топ,0.0102,558
описание,-0.0101,3461
футболка,0.0100,1846
нереально,0.0100,84
светлый,0.0096,231
подходить,-0.0083,802
женщина,-0.0068,136
материал,0.0065,4044
xs,0.0059,549
акрил,0.0059,81
ошибиться,0.0056,265
претензия,0.0050,592
c,-0.0047,59
выложить,0.0046,62
носка,-0.0035,1192
хотеться,0.0031,738
распродажа,-0.0027,124
ооочень,-0.0026,273
холодный,-0.0026,179
подшивать,0.0025,70
свой,-0.0023,3474
костюм,0.0019,860
икра,0.0002,155
спадать,-0.0002,68
притензия,-0.0002,51
